{"cameraMode":{"drawMode":0,"name":"Shaded","section":"Shading Mode"},"sceneLighting":true,"audioPlay":false,"sceneViewState":{"m_AlwaysRefresh":false,"showFog":true,"showSkybox":true,"showFlares":true,"showImageEffects":true,"showParticleSystems":true,"showVisualEffectGraphs":true,"m_FxEnabled":true},"in2DMode":false,"pivot":{"x":-4.328159332275391,"y":1.2222844362258912,"z":2.8410050868988039},"rotation":{"x":0.2582589387893677,"y":-0.09488610923290253,"z":0.025487542152404786,"w":0.9610970616340637},"size":7.533825874328613,"orthographic":false}